Metric,Value
Accuracy,0.959375
Recall,0.8076923076923077
Precision,0.8305084745762712
F1-score,0.818941504178273
